<?xml version="1.0" encoding="ISO-8859-15"?>
<uc-export clientvers="11.0.0-nightly+build.3155">
<FolderStruct>
<includeExternalObjects>0</includeExternalObjects>
<FOLD name="PCK.AUTOMIC_ECLIPSE_HUDSON" title="">
<VARA id="1055157" link="0" name="PCK.AUTOMIC_ECLIPSE_HUDSON.PUB.VAR.METADATA"/>
<FOLD name="ACTIONS" title="">
<FOLD name="ECLIPSE_HUDSON" title="">
<JOBP id="1055171" link="1" name="PCK.AUTOMIC_ECLIPSE_HUDSON.PUB.ACTION.TRIGGER_BUILD"/>
</FOLD>
</FOLD>
<FOLD name="DOCUMENTATION" title="">
<DOCU id="1055173" link="0" name="PCK.AUTOMIC_ECLIPSE_HUDSON.PUB.DOC"/>
<DOCU id="1056073" link="0" name="PCK.AUTOMIC_ECLIPSE_HUDSON.PUB.LICENSES"/>
</FOLD>
<FOLD name="RESOURCES" title="">
<FOLD name="LIBS" title="">
<STORE id="1055160" link="0" name="PCK.AUTOMIC_ECLIPSE_HUDSON.PRV.STORE"/>
</FOLD>
</FOLD>
<FOLD name="SOURCE" title="">
<FOLD name="SHARED" title="">
<FOLD name="INCLUDES" title="">
<JOBI id="1055163" link="0" name="PCK.AUTOMIC_ECLIPSE_HUDSON.PUB.INCLUDE.ECHO_ON_OFF"/>
<JOBI id="1055164" link="0" name="PCK.AUTOMIC_ECLIPSE_HUDSON.PUB.INCLUDE.SET_EXEC_ENVIRONMENT"/>
<JOBI id="1056067" link="0" name="PCK.AUTOMIC_ECLIPSE_HUDSON.INCLUDE.SET_HOME_ENVIRONMENT"/>
<JOBI id="1056068" link="0" name="PCK.AUTOMIC_ECLIPSE_HUDSON.PRV.INCLUDE.CHECK_JOBSTATUS"/>
<JOBI id="1056069" link="0" name="PCK.AUTOMIC_ECLIPSE_HUDSON.PRV.INCLUDE.HUDSON_ATTACH_RESOURCE"/>
<JOBI id="1056070" link="0" name="PCK.AUTOMIC_ECLIPSE_HUDSON.PUB.INCLUDE.ESCAPE_ARG_VALUE"/>
</FOLD>
<FOLD name="PROMPTSETS" title="">
<PRPT id="1055166" link="0" name="PCK.AUTOMIC_ECLIPSE_HUDSON.PRV.PROMPTSET.CONNECTION_DETAILS"/>
</FOLD>
</FOLD>
<FOLD name="TRIGGER_BUILD" title="">
<JOBP id="1055171" link="0" name="PCK.AUTOMIC_ECLIPSE_HUDSON.PUB.ACTION.TRIGGER_BUILD"/>
<FOLD name="INTERNAL" title="">
<FOLD name="JOBS" title="">
<JOBS_GENERIC id="1056072" link="0" name="PCK.AUTOMIC_ECLIPSE_HUDSON.PRV.JOB.TRIGGER_BUILD@GENERIC"/>
</FOLD>
<FOLD name="PROMPTSETS" title="">
<PRPT id="1055170" link="0" name="PCK.AUTOMIC_ECLIPSE_HUDSON.PRV.PROMPTSET.TRIGGER_BUILD"/>
</FOLD>
</FOLD>
</FOLD>
</FOLD>
</FOLD>
</FolderStruct>
<VARA OVD_VRName="FREI" data_type="STATIC" name="PCK.AUTOMIC_ECLIPSE_HUDSON.PUB.VAR.METADATA" replacementmode="2">
<HEADER state="1">
<Title/>
<ArchiveKey1/>
<ArchiveKey2/>
<OH_SubType>STATIC</OH_SubType>
</HEADER>
<ATTR_VARA state="1">
<Type>C|Text</Type>
<lblSource>Static</lblSource>
<source>STATIC</source>
<VRName>FREI|Freely selected</VRName>
<NotFoundErr>0</NotFoundErr>
<NotFoundDef>1</NotFoundDef>
<ShareN>0</ShareN>
<ShareL>0</ShareL>
<ShareR>0</ShareR>
<MaxValue_C>1024</MaxValue_C>
<CheckMax_C>0</CheckMax_C>
<uppercase>0</uppercase>
<sortColumn>0</sortColumn>
<sortDirection>0</sortDirection>
</ATTR_VARA>
<VARA state="1">
<Variables>
<row Name="Categories" Value="Eclipse Hudson Integration" Value1="" Value2="" Value3="" Value4=""/>
<row Name="Company" Value="Automic Software GmbH" Value1="" Value2="" Value3="" Value4=""/>
<row Name="Dependencies" Value="PCK.ITPA_SHARED ~&gt; 1.1 , PCK.AUTOMIC_FILESYSTEM ~&gt; 1.1" Value1="" Value2="" Value3="" Value4=""/>
<row Name="Description" Value="Provides integration with Eclipse Hudson" Value1="" Value2="" Value3="" Value4=""/>
<row Name="Homepage" Value="www.automic.com" Value1="" Value2="" Value3="" Value4=""/>
<row Name="License" Value="Automic License" Value1="" Value2="" Value3="" Value4=""/>
<row Name="Name" Value="PCK.AUTOMIC_ECLIPSE_HUDSON" Value1="" Value2="" Value3="" Value4=""/>
<row Name="Package Format Version" Value="0.1.0" Value1="" Value2="" Value3="" Value4=""/>
<row Name="Title" Value="Automic Eclipse Hudson Package" Value1="" Value2="" Value3="" Value4=""/>
<row Name="Version" Value="1.0.0" Value1="" Value2="" Value3="" Value4=""/>
</Variables>
</VARA>
<DOCU_Docu state="1" type="text">
<DOC/>
</DOCU_Docu>
</VARA>
<DOCU name="PCK.AUTOMIC_ECLIPSE_HUDSON.PUB.DOC">
<HEADER state="1">
<Title>Package documentation</Title>
<ArchiveKey1/>
<ArchiveKey2/>
<OH_SubType/>
</HEADER>
<DOCU_Docu state="1" type="text">
<DOC><![CDATA[About Automic's Hudson Package
================================
Hudson is a continuous integration (CI) tool written in Java, which runs in a servlet container, such as Apache Tomcat or the GlassFish application server. It supports SCM tools including CVS,Subversion, Git, Perforce, Clearcase and RTC, and can execute Apache Ant and Apache Maven based projects, as well as arbitrary shell scripts and Windows batch commands.
With this package we automate the triggering of build on Hudson

=Supported Eclipse Hudson versions=
* Hudson CLI version 3.3.3

=Setup=
* Oracle JDK 1.7 or higher must be installed on Agent OS and "java" must be executable on the same.
* Agent should be able to access Eclipse Hudosn HTTP URL.

=Actions=
   
Following actions are supported for Hudson.
  
* Action Name: PCK.AUTOMIC_ECLIPSE_HUDSON.PUB.ACTION.TRIGGER_BUILD
  Action Description:  Trigger build. This action is used to trigger the build on hudson.
]]></DOC>
</DOCU_Docu>
</DOCU>
<DOCU name="PCK.AUTOMIC_ECLIPSE_HUDSON.PUB.LICENSES">
<HEADER state="1">
<Title/>
<ArchiveKey1/>
<ArchiveKey2/>
<OH_SubType/>
</HEADER>
<DOCU_Docu state="1" type="text">
<DOC><![CDATA[Licenses used

=================
=   Libraries   =
=================
hudson-cli    version 3.3.3    Apache Software License, Version 2.0    http://www.apache.org/licenses/LICENSE-2.0


==================
=    Licenses    =
==================

APACHE LICENSE, VERSION 2.0
=====================================
 TERMS AND CONDITIONS FOR USE, REPRODUCTION, AND DISTRIBUTION

   1. Definitions.

      "License" shall mean the terms and conditions for use, reproduction,
      and distribution as defined by Sections 1 through 9 of this document.

      "Licensor" shall mean the copyright owner or entity authorized by
      the copyright owner that is granting the License.

      "Legal Entity" shall mean the union of the acting entity and all
      other entities that control, are controlled by, or are under common
      control with that entity. For the purposes of this definition,
      "control" means (i) the power, direct or indirect, to cause the
      direction or management of such entity, whether by contract or
      otherwise, or (ii) ownership of fifty percent (50%) or more of the
      outstanding shares, or (iii) beneficial ownership of such entity.

      "You" (or "Your") shall mean an individual or Legal Entity
      exercising permissions granted by this License.

      "Source" form shall mean the preferred form for making modifications,
      including but not limited to software source code, documentation
      source, and configuration files.

      "Object" form shall mean any form resulting from mechanical
      transformation or translation of a Source form, including but
      not limited to compiled object code, generated documentation,
      and conversions to other media types.

      "Work" shall mean the work of authorship, whether in Source or
      Object form, made available under the License, as indicated by a
      copyright notice that is included in or attached to the work
      (an example is provided in the Appendix below).

      "Derivative Works" shall mean any work, whether in Source or Object
      form, that is based on (or derived from) the Work and for which the
      editorial revisions, annotations, elaborations, or other modifications
      represent, as a whole, an original work of authorship. For the purposes
      of this License, Derivative Works shall not include works that remain
      separable from, or merely link (or bind by name) to the interfaces of,
      the Work and Derivative Works thereof.

      "Contribution" shall mean any work of authorship, including
      the original version of the Work and any modifications or additions
      to that Work or Derivative Works thereof, that is intentionally
      submitted to Licensor for inclusion in the Work by the copyright owner
      or by an individual or Legal Entity authorized to submit on behalf of
      the copyright owner. For the purposes of this definition, "submitted"
      means any form of electronic, verbal, or written communication sent
      to the Licensor or its representatives, including but not limited to
      communication on electronic mailing lists, source code control systems,
      and issue tracking systems that are managed by, or on behalf of, the
      Licensor for the purpose of discussing and improving the Work, but
      excluding communication that is conspicuously marked or otherwise
      designated in writing by the copyright owner as "Not a Contribution."

      "Contributor" shall mean Licensor and any individual or Legal Entity
      on behalf of whom a Contribution has been received by Licensor and
      subsequently incorporated within the Work.

   2. Grant of Copyright License. Subject to the terms and conditions of
      this License, each Contributor hereby grants to You a perpetual,
      worldwide, non-exclusive, no-charge, royalty-free, irrevocable
      copyright license to reproduce, prepare Derivative Works of,
      publicly display, publicly perform, sublicense, and distribute the
      Work and such Derivative Works in Source or Object form.

   3. Grant of Patent License. Subject to the terms and conditions of
      this License, each Contributor hereby grants to You a perpetual,
      worldwide, non-exclusive, no-charge, royalty-free, irrevocable
      (except as stated in this section) patent license to make, have made,
      use, offer to sell, sell, import, and otherwise transfer the Work,
      where such license applies only to those patent claims licensable
      by such Contributor that are necessarily infringed by their
      Contribution(s) alone or by combination of their Contribution(s)
      with the Work to which such Contribution(s) was submitted. If You
      institute patent litigation against any entity (including a
      cross-claim or counterclaim in a lawsuit) alleging that the Work
      or a Contribution incorporated within the Work constitutes direct
      or contributory patent infringement, then any patent licenses
      granted to You under this License for that Work shall terminate
      as of the date such litigation is filed.

   4. Redistribution. You may reproduce and distribute copies of the
      Work or Derivative Works thereof in any medium, with or without
      modifications, and in Source or Object form, provided that You
      meet the following conditions:

      (a) You must give any other recipients of the Work or
          Derivative Works a copy of this License; and

      (b) You must cause any modified files to carry prominent notices
          stating that You changed the files; and

      (c) You must retain, in the Source form of any Derivative Works
          that You distribute, all copyright, patent, trademark, and
          attribution notices from the Source form of the Work,
          excluding those notices that do not pertain to any part of
          the Derivative Works; and

      (d) If the Work includes a "NOTICE" text file as part of its
          distribution, then any Derivative Works that You distribute must
          include a readable copy of the attribution notices contained
          within such NOTICE file, excluding those notices that do not
          pertain to any part of the Derivative Works, in at least one
          of the following places: within a NOTICE text file distributed
          as part of the Derivative Works; within the Source form or
          documentation, if provided along with the Derivative Works; or,
          within a display generated by the Derivative Works, if and
          wherever such third-party notices normally appear. The contents
          of the NOTICE file are for informational purposes only and
          do not modify the License. You may add Your own attribution
          notices within Derivative Works that You distribute, alongside
          or as an addendum to the NOTICE text from the Work, provided
          that such additional attribution notices cannot be construed
          as modifying the License.

      You may add Your own copyright statement to Your modifications and
      may provide additional or different license terms and conditions
      for use, reproduction, or distribution of Your modifications, or
      for any such Derivative Works as a whole, provided Your use,
      reproduction, and distribution of the Work otherwise complies with
      the conditions stated in this License.

   5. Submission of Contributions. Unless You explicitly state otherwise,
      any Contribution intentionally submitted for inclusion in the Work
      by You to the Licensor shall be under the terms and conditions of
      this License, without any additional terms or conditions.
      Notwithstanding the above, nothing herein shall supersede or modify
      the terms of any separate license agreement you may have executed
      with Licensor regarding such Contributions.

   6. Trademarks. This License does not grant permission to use the trade
      names, trademarks, service marks, or product names of the Licensor,
      except as required for reasonable and customary use in describing the
      origin of the Work and reproducing the content of the NOTICE file.

   7. Disclaimer of Warranty. Unless required by applicable law or
      agreed to in writing, Licensor provides the Work (and each
      Contributor provides its Contributions) on an "AS IS" BASIS,
      WITHOUT WARRANTIES OR CONDITIONS OF ANY KIND, either express or
      implied, including, without limitation, any warranties or conditions
      of TITLE, NON-INFRINGEMENT, MERCHANTABILITY, or FITNESS FOR A
      PARTICULAR PURPOSE. You are solely responsible for determining the
      appropriateness of using or redistributing the Work and assume any
      risks associated with Your exercise of permissions under this License.

   8. Limitation of Liability. In no event and under no legal theory,
      whether in tort (including negligence), contract, or otherwise,
      unless required by applicable law (such as deliberate and grossly
      negligent acts) or agreed to in writing, shall any Contributor be
      liable to You for damages, including any direct, indirect, special,
      incidental, or consequential damages of any character arising as a
      result of this License or out of the use or inability to use the
      Work (including but not limited to damages for loss of goodwill,
      work stoppage, computer failure or malfunction, or any and all
      other commercial damages or losses), even if such Contributor
      has been advised of the possibility of such damages.

   9. Accepting Warranty or Additional Liability. While redistributing
      the Work or Derivative Works thereof, You may choose to offer,
      and charge a fee for, acceptance of support, warranty, indemnity,
      or other liability obligations and/or rights consistent with this
      License. However, in accepting such obligations, You may act only
      on Your own behalf and on Your sole responsibility, not on behalf
      of any other Contributor, and only if You agree to indemnify,
      defend, and hold each Contributor harmless for any liability
      incurred by, or claims asserted against, such Contributor by reason
      of your accepting any such warranty or additional liability.

   END OF TERMS AND CONDITIONS

   APPENDIX: How to apply the Apache License to your work.

      To apply the Apache License to your work, attach the following
      boilerplate notice, with the fields enclosed by brackets "[]"
      replaced with your own identifying information. (Don't include
      the brackets!)  The text should be enclosed in the appropriate
      comment syntax for the file format. We also recommend that a
      file or class name and description of purpose be included on the
      same "printed page" as the copyright notice for easier
      identification within third-party archives.

   Copyright [yyyy] [name of copyright owner]

   Licensed under the Apache License, Version 2.0 (the "License");
   you may not use this file except in compliance with the License.
   You may obtain a copy of the License at

       http://www.apache.org/licenses/LICENSE-2.0

   Unless required by applicable law or agreed to in writing, software
   distributed under the License is distributed on an "AS IS" BASIS,
   WITHOUT WARRANTIES OR CONDITIONS OF ANY KIND, either express or implied.
   See the License for the specific language governing permissions and
   limitations under the License.
]]></DOC>
</DOCU_Docu>
</DOCU>
<STORE name="PCK.AUTOMIC_ECLIPSE_HUDSON.PRV.STORE">
<HEADER state="1">
<Title/>
<ArchiveKey1/>
<ArchiveKey2/>
<OH_SubType/>
</HEADER>
<STORE>
<resourceList>
<row checksum="571130BFC0394101CDBE136139990352E43EE8841E48D94E314CADFC2AE9B0D6" fileType="BINARY" filename="hudson-cli.jar" hw="*" id="HUDSONCLI-ALL-ALL-ALL" name="HUDSONCLI" platform="*" resname="PCK.AUTOMIC_ECLIPSE_HUDSON.PRV.STORE-HUDSONCLI-ALL-ALL-ALL" size="333213" sw="*" type="3" version=""/>
</resourceList>
</STORE>
<DOCU_Docu state="1" type="text">
<DOC/>
</DOCU_Docu>
</STORE>
<JOBI name="PCK.AUTOMIC_ECLIPSE_HUDSON.PUB.INCLUDE.ECHO_ON_OFF">
<HEADER state="1">
<Title>echo enable/disable switch statement</Title>
<ArchiveKey1/>
<ArchiveKey2/>
<OH_SubType/>
</HEADER>
<SCRIPT mode="1" state="1">
<MSCRI><![CDATA[:SWITCH &$PLATFORM#
:CASE "WINDOWS"
@echo off
 set ERROR=0
:CASE "UNIX"
 error=0
:OTHER
:ENDSWITCH]]></MSCRI>
</SCRIPT>
<DOCU_Docu state="1" type="text">
<DOC/>
</DOCU_Docu>
</JOBI>
<JOBI name="PCK.AUTOMIC_ECLIPSE_HUDSON.PUB.INCLUDE.SET_EXEC_ENVIRONMENT">
<HEADER state="1">
<Title>Setting execution environment</Title>
<ArchiveKey1/>
<ArchiveKey2/>
<OH_SubType/>
</HEADER>
<SCRIPT mode="1" state="1">
<MSCRI><![CDATA[! Setting execution environment
! Print Header
!: INC PCK.ITPA_SHARED.PRV.INCLUDE.LOGGING.HEADER.EXECUTION
: INC PCK.ITPA_SHARED.PRV.INCLUDE.CHANGE_DIRECTORY_TO_AGENT_BIN
: INC PCK.AUTOMIC_ECLIPSE_HUDSON.PRV.INCLUDE.HUDSON_ATTACH_RESOURCE]]></MSCRI>
</SCRIPT>
<DOCU_Docu state="1" type="text">
<DOC/>
</DOCU_Docu>
</JOBI>
<JOBI name="PCK.AUTOMIC_ECLIPSE_HUDSON.INCLUDE.SET_HOME_ENVIRONMENT">
<HEADER state="1">
<Title>Set home environment</Title>
<ArchiveKey1/>
<ArchiveKey2/>
<OH_SubType/>
</HEADER>
<SCRIPT mode="1" state="1">
<MSCRI><![CDATA[! CREATE TEMP DIR
: SET &AGENT_TEMPDIR# = GET_VAR('UC_EX_PATH_TEMP', &AGENT#)
: SET &UC4RB_EHUD_HOMEDIR# = STR_CAT(&AGENT_TEMPDIR#,&$RUNID#)
: PUBLISH &UC4RB_EHUD_HOMEDIR#,,"TASK"

]]></MSCRI>
</SCRIPT>
<DOCU_Docu state="1" type="text">
<DOC/>
</DOCU_Docu>
</JOBI>
<JOBI name="PCK.AUTOMIC_ECLIPSE_HUDSON.PRV.INCLUDE.CHECK_JOBSTATUS">
<HEADER state="1">
<Title>Check the job status and logging</Title>
<ArchiveKey1/>
<ArchiveKey2/>
<OH_SubType/>
</HEADER>
<SCRIPT mode="1" state="1">
<MSCRI><![CDATA[:SWITCH &$PLATFORM#
:CASE "WINDOWS"
@If %ERROR% LSS 0 set /a ERROR=0-%ERROR%
IF %ERROR% EQU 0 (
:  INC PCK.ITPA_SHARED.PRV.INCLUDE.LOGGING.INFO
) ELSE (
: INC PCK.ITPA_SHARED.PRV.INCLUDE.LOGGING.ERROR
)
@set retcode=%ERROR%
@if NOT %ERROR% == 0 goto :retcode

:CASE "UNIX"
if [ "$error" -eq 0 ]
then
:  INC PCK.ITPA_SHARED.PRV.INCLUDE.LOGGING.INFO
else
: INC PCK.ITPA_SHARED.PRV.INCLUDE.LOGGING.ERROR
fi
if [ "$error" -ne 0 ]
then
    exit $error
fi
:OTHER
:ENDSWITCH]]></MSCRI>
</SCRIPT>
<DOCU_Docu state="1" type="text">
<DOC/>
</DOCU_Docu>
</JOBI>
<JOBI name="PCK.AUTOMIC_ECLIPSE_HUDSON.PRV.INCLUDE.HUDSON_ATTACH_RESOURCE">
<HEADER state="1">
<Title>Attach the cli binary for Hudson package</Title>
<ArchiveKey1/>
<ArchiveKey2/>
<OH_SubType/>
</HEADER>
<SCRIPT mode="1" state="1">
<MSCRI><![CDATA[:ATTACH_RES "PCK.AUTOMIC_ECLIPSE_HUDSON.PRV.STORE" ,"HUDSONCLI", C, N

! Setting jar class path into variable
:SET &UC4RB_EHUD_PATH_JAR#= STR_CAT(&$AGENT_RESOURCES_CLIENT#,"hudson-cli.jar")]]></MSCRI>
</SCRIPT>
<DOCU_Docu state="1" type="text">
<DOC/>
</DOCU_Docu>
</JOBI>
<JOBI name="PCK.AUTOMIC_ECLIPSE_HUDSON.PUB.INCLUDE.ESCAPE_ARG_VALUE">
<HEADER state="1">
<Title>escape argument values</Title>
<ArchiveKey1/>
<ArchiveKey2/>
<OH_SubType/>
</HEADER>
<SCRIPT mode="1" state="1">
<MSCRI><![CDATA[
! We escape double-quotes for java Strings
: SET &UC4RB_EHUD_ESC_VALUE# = STR_TRIM("&TEMP_OPTION_VALUE#")
: SET &UC4RB_EHUD_ESC_VALUE# = STR_SUB(&UC4RB_EHUD_ESC_VALUE#, """", "\""")
]]></MSCRI>
</SCRIPT>
<DOCU_Docu state="1" type="text">
<DOC><![CDATA[It escapes the input parameters and wrap the parameter surrounded by quotes(").]]></DOC>
</DOCU_Docu>
</JOBI>
<PRPT name="PCK.AUTOMIC_ECLIPSE_HUDSON.PRV.PROMPTSET.CONNECTION_DETAILS">
<HEADER state="1">
<Title>Connect to Hudson</Title>
<ArchiveKey1/>
<ArchiveKey2/>
<OH_SubType/>
</HEADER>
<PROMPTDESIGNER state="1">
<DESIGNER/>
</PROMPTDESIGNER>
<PROMPTSETXUI state="1">
<XUIEDITOR><![CDATA[<dialog height="424" icon="PRPT" id="PRPTS" left="0" top="0" width="441"><readpanel fill="b" id="PRPTBOX" nl="1" scroll="v" text="Provide Hudson connection parameters"><properties><entry name="text">Provide Hudson connection parameters</entry><entry name="modifiable">0</entry></properties><text alt="1" enabled="1" fill="b" focus="0" id="UC4RB_EHUD_URLs.00" inputassistance="0" len="" multiline="0" multilineIcon="0" nl="1" regex="" required="0" separator=";" showaspassword="0" text="Hudson URL" tooltip="Specify URL to the Hudson CI server. Eg. http://127.0.0.1:8080/hudson." upper="0"><oninputassistant><command request="_internal" target="_view" targetaction="setAttribute" targetparam="promptname|@id"/><command request="_internal" target="_view" targetaction="setAttribute" targetparam="promptvalue|@value"/><command owner="_promptsetcontainer" owneraction="getData" request="getpromptinputassistance" target="_chainwindow"/></oninputassistant>
         
      <properties>
        <entry listparam="C,N" name="reference" reftype="STATIC">UC_DATATYPE_STRING</entry>
        <entry name="xmlkey"/>
        <entry name="xmlpath"/>
        <entry name="text">Hudson URL</entry>
        <entry name="multiline">0</entry>
        <entry name="multilineIcon">0</entry>
        <entry name="multiselect">0</entry>
        <entry name="separator">;</entry>
        <entry name="len"/>
        <entry name="quotes"/>
        <entry name="id">UC4RB_EHUD_URLs.00</entry>
        <entry name="regex"/>
        <entry name="inputassistance">0</entry>
        <entry name="enabled">0</entry>
        <entry name="required">1</entry>
        <entry name="upper">0</entry>
        <entry name="focus">0</entry>
        <entry name="showaspassword">0</entry>
        <entry name="tooltip">Specify URL to the Hudson CI server. Eg. http://127.0.0.1:8080/hudson.</entry>
        <entry name="modifiable">1</entry>
        <entry name="customfield"/>
        <entry name="onchangereset"/>
        <entry name="resetable">1</entry>
      <entry name="initvalue"/>
         </properties>
    </text><text alt="1" enabled="1" fill="b" focus="0" id="UC4RB_EHUD_USERNAMEs.00" inputassistance="0" len="" multiline="0" multilineIcon="0" nl="1" regex="" required="0" separator=";" showaspassword="0" text="Username" tooltip="Username which will be used for this connection. Provide team qualified name if Team Management is enabled. Ex: team1.job1" upper="0"><oninputassistant><command request="_internal" target="_view" targetaction="setAttribute" targetparam="promptname|@id"/><command request="_internal" target="_view" targetaction="setAttribute" targetparam="promptvalue|@value"/><command owner="_promptsetcontainer" owneraction="getData" request="getpromptinputassistance" target="_chainwindow"/></oninputassistant>
         
      <properties>
        <entry listparam="C,N" name="reference" reftype="STATIC">UC_DATATYPE_STRING</entry>
        <entry name="xmlkey"/>
        <entry name="xmlpath"/>
        <entry name="text">Username</entry>
        <entry name="multiline">0</entry>
        <entry name="multilineIcon">0</entry>
        <entry name="multiselect">0</entry>
        <entry name="separator">;</entry>
        <entry name="len"/>
        <entry name="quotes"/>
        <entry name="id">UC4RB_EHUD_USERNAMEs.00</entry>
        <entry name="regex"/>
        <entry name="inputassistance">0</entry>
        <entry name="enabled">0</entry>
        <entry name="required">0</entry>
        <entry name="upper">0</entry>
        <entry name="focus">0</entry>
        <entry name="showaspassword">0</entry>
        <entry name="tooltip">Username which will be used for this connection. Provide team qualified name if Team Management is enabled. Ex: team1.job1</entry>
        <entry name="modifiable">1</entry>
        <entry name="customfield"/>
        <entry name="onchangereset"/>
        <entry name="resetable">1</entry>
      <entry name="initvalue"/>
         </properties>
    </text><text alt="1" enabled="1" fill="b" focus="0" id="UC4RB_EHUD_PASSWORDs.00" inputassistance="0" len="" multiline="0" multilineIcon="0" nl="1" regex="" required="0" separator=";" showaspassword="1" text="Password" tooltip="Password to your username." upper="0"><oninputassistant><command request="_internal" target="_view" targetaction="setAttribute" targetparam="promptname|@id"/><command request="_internal" target="_view" targetaction="setAttribute" targetparam="promptvalue|@value"/><command owner="_promptsetcontainer" owneraction="getData" request="getpromptinputassistance" target="_chainwindow"/></oninputassistant>
         
      <properties>
        <entry listparam="C,N" name="reference" reftype="STATIC">UC_DATATYPE_STRING</entry>
        <entry name="xmlkey"/>
        <entry name="xmlpath"/>
        <entry name="text">Password</entry>
        <entry name="multiline">0</entry>
        <entry name="multilineIcon">0</entry>
        <entry name="multiselect">0</entry>
        <entry name="separator">;</entry>
        <entry name="len"/>
        <entry name="quotes"/>
        <entry name="id">UC4RB_EHUD_PASSWORDs.00</entry>
        <entry name="regex"/>
        <entry name="inputassistance">0</entry>
        <entry name="enabled">0</entry>
        <entry name="required">0</entry>
        <entry name="upper">0</entry>
        <entry name="focus">0</entry>
        <entry name="showaspassword">1</entry>
        <entry name="tooltip">Password to your username.</entry>
        <entry name="modifiable">1</entry>
        <entry name="customfield"/>
        <entry name="onchangereset"/>
        <entry name="resetable">1</entry>
      <entry name="initvalue"/>
         </properties>
    </text></readpanel></dialog>]]></XUIEDITOR>
</PROMPTSETXUI>
<PROMPTSETDATA state="1">
<DATAEDITOR><![CDATA[<PRPTS ontop="1"><PRPTBOX><UC4RB_EHUD_URLs.00 haslist="0" msgnr="-1" msginsert="" altview="0" promptname="UC4RB_EHUD_URL#" ReadFromTable="OPSE"></UC4RB_EHUD_URLs.00><UC4RB_EHUD_USERNAMEs.00 haslist="0" msgnr="-1" msginsert="" altview="0" promptname="UC4RB_EHUD_USERNAME#" ReadFromTable="OPSE"></UC4RB_EHUD_USERNAMEs.00><UC4RB_EHUD_PASSWORDs.00 haslist="0" msgnr="-1" msginsert="" altview="0" promptname="UC4RB_EHUD_PASSWORD#" ReadFromTable="OPSE"></UC4RB_EHUD_PASSWORDs.00></PRPTBOX></PRPTS>]]></DATAEDITOR>
</PROMPTSETDATA>
<DOCU_Docu state="1" type="text">
<DOC/>
</DOCU_Docu>
</PRPT>
<JOBP AllowExternal="1" name="PCK.AUTOMIC_ECLIPSE_HUDSON.PUB.ACTION.TRIGGER_BUILD">
<XHEADER state="1">
<Title>Trigger build</Title>
<ArchiveKey1/>
<ArchiveKey2/>
<Active>1</Active>
<OH_SubType/>
<CustomAttributes KeyListID="0" dataRequestID="0"/>
</XHEADER>
<SYNCREF state="1">
<Syncs/>
</SYNCREF>
<ATTR_JOBP state="1">
<Queue>CLIENT_QUEUE</Queue>
<ChildQueue/>
<StartType/>
<ExtRepDef>1</ExtRepDef>
<ExtRepAll>0</ExtRepAll>
<ExtRepNone>0</ExtRepNone>
<IntAccount/>
<AutoDeactNo>0</AutoDeactNo>
<AutoDeact1ErrorFree>0</AutoDeact1ErrorFree>
<AutoDeactErrorFree>1</AutoDeactErrorFree>
<DeactWhen>ANY_OK</DeactWhen>
<AutoDeactAlways>0</AutoDeactAlways>
<DeactDelay>0</DeactDelay>
<ActAtRun>1</ActAtRun>
<UC4Priority>0</UC4Priority>
<MaxParallel2>0</MaxParallel2>
<ReuseHG>1</ReuseHG>
<MpElse1>1</MpElse1>
<MpElse2>0</MpElse2>
<TZ/>
<RWhen/>
<RExecute/>
<JPA_SubType/>
</ATTR_JOBP>
<JOBP state="1">
<JobpStruct mode="design">
<task Alias="" BranchType="0" Col="1" Lnr="1" OType="&lt;START&gt;" Object="START" ParentAlias="" ParentObject="" Row="1" Text2="">
<checkpoint RollbackFlag="0" RunPerPatch="0" RunPerTarget="0" TcpADays="0" TcpATime="00:00" TcpATimeTZ="" TcpExecute="" TcpOn="0" promptatgen="0" showprompt="0"/>
<after ActFlg="1" AtimOn="0" ErlstStDays="0" ErlstStTime="00:00" ErlstStTimeTZ="" HoldFlg="0"/>
<when ChkWhenExec="0" LtstEnd="0" LtstEndDays="0" LtstEndTime="00:00" LtstSt="0" LtstStDays="0" LtstStTime="00:00" LtstTimeTZ="" WCTypeAND="1" WCTypeOR="0" WElseA="0" WElseH="0" WElseS="1" WElseX="0" WhenExecute="" WtimOn="0"/>
<preconditions>
<PreCon>
<conditions id="CONDITIONS"/>
</PreCon>
</preconditions>
<predecessors/>
<runtime MrtCancel="0" MrtDays="0" MrtErt="0" MrtExecute="0" MrtExecuteObj="" MrtFix="0" MrtMethodDate="0" MrtMethodErt="0" MrtMethodFix="0" MrtMethodNone="1" MrtOn="1" MrtTZ="" MrtTime="00:00" SrtErt="0" SrtFix="0" SrtMethodErt="0" SrtMethodFix="0" SrtMethodNone="1"/>
<result ChkRExec="0" RElseHalt="0" RElseIgn="0" RElseJPAbend="0" RExecFlag="0" RExecute="" RRepMTimes="0" RRepOn="0" RRepWait="0" RWhen=""/>
<dynvalues>
<dyntree>
<node content="1" id="PCK.AUTOMIC_ECLIPSE_HUDSON.PRV.PROMPTSET.CONNECTION_DETAILS" name="PCK.AUTOMIC_ECLIPSE_HUDSON.PRV.PROMPTSET.CONNECTION_DETAILS" parent="PPRPTS" type="PPROMPTSET">
<PROMPTSET name="PCK.AUTOMIC_ECLIPSE_HUDSON.PRV.PROMPTSET.CONNECTION_DETAILS">
<PRPTBOX promptset="PCK.AUTOMIC_ECLIPSE_HUDSON.PRV.PROMPTSET.CONNECTION_DETAILS">
<UC4RB_EHUD_PASSWORDs.00 ReadFromTable="OPUD" altview="1" haslist="0" msginsert="" msgnr="" promptname="UC4RB_EHUD_PASSWORD#" promptsetname="PCK.AUTOMIC_ECLIPSE_HUDSON.PRV.PROMPTSET.CONNECTION_DETAILS"/>
<UC4RB_EHUD_URLs.00 ReadFromTable="OPUD" altview="1" haslist="0" msginsert="" msgnr="" promptname="UC4RB_EHUD_URL#" promptsetname="PCK.AUTOMIC_ECLIPSE_HUDSON.PRV.PROMPTSET.CONNECTION_DETAILS"/>
<UC4RB_EHUD_USERNAMEs.00 ReadFromTable="OPUD" altview="1" haslist="0" msginsert="" msgnr="" promptname="UC4RB_EHUD_USERNAME#" promptsetname="PCK.AUTOMIC_ECLIPSE_HUDSON.PRV.PROMPTSET.CONNECTION_DETAILS"/>
</PRPTBOX>
</PROMPTSET>
</node>
<node content="1" id="PCK.AUTOMIC_ECLIPSE_HUDSON.PRV.PROMPTSET.TRIGGER_BUILD" name="PCK.AUTOMIC_ECLIPSE_HUDSON.PRV.PROMPTSET.TRIGGER_BUILD" parent="PPRPTS" type="PPROMPTSET">
<PROMPTSET name="PCK.AUTOMIC_ECLIPSE_HUDSON.PRV.PROMPTSET.TRIGGER_BUILD">
<PRPTBOX promptset="PCK.AUTOMIC_ECLIPSE_HUDSON.PRV.PROMPTSET.TRIGGER_BUILD">
<UC4RB_EHUD_BUILD_PARAMs.00 ReadFromTable="OPSE" altview="0" haslist="0" msginsert="" msgnr="" promptname="UC4RB_EHUD_BUILD_PARAM#" promptsetname="PCK.AUTOMIC_ECLIPSE_HUDSON.PRV.PROMPTSET.TRIGGER_BUILD"/>
<UC4RB_EHUD_JOBs.00 ReadFromTable="OPSE" altview="0" haslist="0" msginsert="" msgnr="" promptname="UC4RB_EHUD_JOB#" promptsetname="PCK.AUTOMIC_ECLIPSE_HUDSON.PRV.PROMPTSET.TRIGGER_BUILD"/>
<UC4RB_EHUD_SYNCs.00 ReadFromTable="OPSE" altview="0" haslist="0" msginsert="" msgnr="" promptname="UC4RB_EHUD_SYNC#" promptsetname="PCK.AUTOMIC_ECLIPSE_HUDSON.PRV.PROMPTSET.TRIGGER_BUILD">NO</UC4RB_EHUD_SYNCs.00>
</PRPTBOX>
</PROMPTSET>
</node>
<node content="1" id="PCK.ITPA_SHARED.PRV.PROMPTSET.OVERWRITE_AGENT" name="PCK.ITPA_SHARED.PRV.PROMPTSET.OVERWRITE_AGENT" parent="PPRPTS" type="PPROMPTSET">
<PROMPTSET name="PCK.ITPA_SHARED.PRV.PROMPTSET.OVERWRITE_AGENT">
<PRPTBOX promptset="PCK.ITPA_SHARED.PRV.PROMPTSET.OVERWRITE_AGENT">
<AGENTs.00 ReadFromTable="OPUD" altview="1" haslist="0" msginsert="" msgnr="" promptname="AGENT#" promptsetname="PCK.ITPA_SHARED.PRV.PROMPTSET.OVERWRITE_AGENT">&amp;AGENT#</AGENTs.00>
<LOGINs.00 ReadFromTable="OPUD" altview="1" haslist="0" msginsert="" msgnr="" promptname="LOGIN#" promptsetname="PCK.ITPA_SHARED.PRV.PROMPTSET.OVERWRITE_AGENT">&amp;LOGIN#</LOGINs.00>
</PRPTBOX>
</PROMPTSET>
</node>
</dyntree>
</dynvalues>
<CIT/>
<calendars CCTypeAll="0" CCTypeExt="0" CCTypeNone="0" CCTypeOne="1" CaleOn="0"/>
<postconditions>
<PostCon>
<conditions id="CONDITIONS"/>
</PostCon>
</postconditions>
</task>
<task Alias="TRIGGER_BUILD" BranchType="0" Col="2" Lnr="2" OType="JOBS" Object="PCK.AUTOMIC_ECLIPSE_HUDSON.PRV.JOB.TRIGGER_BUILD@GENERIC" ParentAlias="" ParentObject="" Row="1" Text2="">
<checkpoint RollbackFlag="1" RunPerPatch="0" RunPerTarget="0" TcpADays="0" TcpATime="00:00" TcpATimeTZ="" TcpExecute="" TcpOn="0" promptatgen="0" showprompt="0"/>
<after ActFlg="1" AtimOn="0" ErlstStDays="0" ErlstStTime="00:00" ErlstStTimeTZ="" HoldFlg="0"/>
<when ChkWhenExec="0" LtstEnd="0" LtstEndDays="0" LtstEndTime="00:00" LtstSt="0" LtstStDays="0" LtstStTime="00:00" LtstTimeTZ="" WCTypeAND="1" WCTypeOR="0" WElseA="1" WElseH="0" WElseS="0" WElseX="0" WhenExecute="" WtimOn="0"/>
<preconditions>
<PreCon>
<conditions id="CONDITIONS"/>
</PreCon>
</preconditions>
<predecessors>
<pre BranchType="0" Lnr="1" PreLnr="1" When="ANY_OK" type="container"/>
</predecessors>
<runtime MrtCancel="0" MrtDays="0" MrtErt="0" MrtExecute="0" MrtExecuteObj="" MrtFix="0" MrtMethodDate="0" MrtMethodErt="0" MrtMethodFix="0" MrtMethodNone="1" MrtOn="1" MrtTZ="" MrtTime="00:00" SrtErt="0" SrtFix="0" SrtMethodErt="0" SrtMethodFix="0" SrtMethodNone="1"/>
<result ChkRExec="0" RElseHalt="1" RElseIgn="0" RElseJPAbend="0" RExecFlag="0" RExecute="" RRepMTimes="0" RRepOn="0" RRepWait="0" RWhen=""/>
<dynvalues>
<dyntree>
<node content="1" id="VALUE" name="Variables" parent="" type="TASKVALUE">
<VALUE state="2">
<Values/>
<Mode>0</Mode>
</VALUE>
</node>
<node content="1" id="PVALUE" name="Parent Variables" parent="" type="TASKVALUE">
<VALUE state="2">
<Values/>
<Mode>0</Mode>
</VALUE>
</node>
<node content="1" id="PRPTS" name="PromptSets" parent="" pref="1" type="PROMPTSET"/>
<node content="0" id="PPRPTS" name="Parent PromptSets" parent="" type="PPROMPTSET"/>
<node content="1" id="PCK.AUTOMIC_ECLIPSE_HUDSON.PRV.PROMPTSET.CONNECTION_DETAILS" name="PCK.AUTOMIC_ECLIPSE_HUDSON.PRV.PROMPTSET.CONNECTION_DETAILS" parent="PPRPTS" type="PPROMPTSET">
<PROMPTSET name="PCK.AUTOMIC_ECLIPSE_HUDSON.PRV.PROMPTSET.CONNECTION_DETAILS">
<PRPTBOX promptset="PCK.AUTOMIC_ECLIPSE_HUDSON.PRV.PROMPTSET.CONNECTION_DETAILS">
<UC4RB_EHUD_PASSWORDs.00 ReadFromTable="OPUD" altview="1" haslist="0" msginsert="" msgnr="" promptname="UC4RB_EHUD_PASSWORD#" promptsetname="PCK.AUTOMIC_ECLIPSE_HUDSON.PRV.PROMPTSET.CONNECTION_DETAILS"/>
<UC4RB_EHUD_URLs.00 ReadFromTable="OPUD" altview="1" haslist="0" msginsert="" msgnr="" promptname="UC4RB_EHUD_URL#" promptsetname="PCK.AUTOMIC_ECLIPSE_HUDSON.PRV.PROMPTSET.CONNECTION_DETAILS"/>
<UC4RB_EHUD_USERNAMEs.00 ReadFromTable="OPUD" altview="1" haslist="0" msginsert="" msgnr="" promptname="UC4RB_EHUD_USERNAME#" promptsetname="PCK.AUTOMIC_ECLIPSE_HUDSON.PRV.PROMPTSET.CONNECTION_DETAILS"/>
</PRPTBOX>
</PROMPTSET>
</node>
<node content="1" id="PCK.AUTOMIC_ECLIPSE_HUDSON.PRV.PROMPTSET.TRIGGER_BUILD" name="PCK.AUTOMIC_ECLIPSE_HUDSON.PRV.PROMPTSET.TRIGGER_BUILD" parent="PPRPTS" type="PPROMPTSET">
<PROMPTSET name="PCK.AUTOMIC_ECLIPSE_HUDSON.PRV.PROMPTSET.TRIGGER_BUILD">
<PRPTBOX promptset="PCK.AUTOMIC_ECLIPSE_HUDSON.PRV.PROMPTSET.TRIGGER_BUILD">
<UC4RB_EHUD_BUILD_PARAMs.00 ReadFromTable="OPSE" altview="0" haslist="0" msginsert="" msgnr="" promptname="UC4RB_EHUD_BUILD_PARAM#" promptsetname="PCK.AUTOMIC_ECLIPSE_HUDSON.PRV.PROMPTSET.TRIGGER_BUILD"/>
<UC4RB_EHUD_JOBs.00 ReadFromTable="OPSE" altview="0" haslist="0" msginsert="" msgnr="" promptname="UC4RB_EHUD_JOB#" promptsetname="PCK.AUTOMIC_ECLIPSE_HUDSON.PRV.PROMPTSET.TRIGGER_BUILD"/>
<UC4RB_EHUD_SYNCs.00 ReadFromTable="OPSE" altview="0" haslist="0" msginsert="" msgnr="" promptname="UC4RB_EHUD_SYNC#" promptsetname="PCK.AUTOMIC_ECLIPSE_HUDSON.PRV.PROMPTSET.TRIGGER_BUILD">NO</UC4RB_EHUD_SYNCs.00>
</PRPTBOX>
</PROMPTSET>
</node>
<node content="1" id="PCK.ITPA_SHARED.PRV.PROMPTSET.OVERWRITE_AGENT" name="PCK.ITPA_SHARED.PRV.PROMPTSET.OVERWRITE_AGENT" parent="PPRPTS" type="PPROMPTSET">
<PROMPTSET name="PCK.ITPA_SHARED.PRV.PROMPTSET.OVERWRITE_AGENT">
<PRPTBOX promptset="PCK.ITPA_SHARED.PRV.PROMPTSET.OVERWRITE_AGENT">
<AGENTs.00 ReadFromTable="OPUD" altview="1" haslist="0" msginsert="" msgnr="" promptname="AGENT#" promptsetname="PCK.ITPA_SHARED.PRV.PROMPTSET.OVERWRITE_AGENT">&amp;AGENT#</AGENTs.00>
<LOGINs.00 ReadFromTable="OPUD" altview="1" haslist="0" msginsert="" msgnr="" promptname="LOGIN#" promptsetname="PCK.ITPA_SHARED.PRV.PROMPTSET.OVERWRITE_AGENT">&amp;LOGIN#</LOGINs.00>
</PRPTBOX>
</PROMPTSET>
</node>
</dyntree>
</dynvalues>
<CIT/>
<calendars CCTypeAll="0" CCTypeExt="0" CCTypeNone="0" CCTypeOne="1" CaleOn="0"/>
<postconditions>
<PostCon>
<conditions id="CONDITIONS">
<action active="1" id="EXECUTE OBJECT" once="0" type="A" uiinfo="">
<params>
<param altview="0" name="XC_P01" type="V" value="PCK.AUTOMIC_FILESYSTEM.PUB.ACTION.DELETE"/>
<param altview="0" name="XC_P02" type="S" value="#915032:getobjprompt:0:3"/>
<param altview="0" name="XC_P03" type="V" value="##911010">
<param name="AGENTs.00" value="&amp;AGENT#" vname="XC_P03"/>
<param name="LOGINs.00" value="&amp;LOGIN#" vname="XC_P03"/>
<param name="UC4RB_DIR_FILE_RM_FAILs.00" value="NO" vname="XC_P03"/>
<param name="UC4RB_DIR_FILE_RM_NAMEs.00" value="&amp;UC4RB_EHUD_HOMEDIR#" vname="XC_P03"/>
</param>
<param altview="0" name="XC_P04" type="V" value="DELETE_DIR"/>
</params>
</action>
</conditions>
</PostCon>
</postconditions>
</task>
<task Alias="" BranchType="0" Col="3" Lnr="3" OType="&lt;END&gt;" Object="END" ParentAlias="" ParentObject="" Row="1" Text2="">
<checkpoint RollbackFlag="0" RunPerPatch="0" RunPerTarget="0" TcpADays="0" TcpATime="00:00" TcpATimeTZ="" TcpExecute="" TcpOn="0" promptatgen="0" showprompt="0"/>
<after ActFlg="1" AtimOn="0" ErlstStDays="0" ErlstStTime="00:00" ErlstStTimeTZ="" HoldFlg="0"/>
<when ChkWhenExec="0" LtstEnd="0" LtstEndDays="0" LtstEndTime="00:00" LtstSt="0" LtstStDays="0" LtstStTime="00:00" LtstTimeTZ="" WCTypeAND="1" WCTypeOR="0" WElseA="1" WElseH="0" WElseS="0" WElseX="0" WhenExecute="" WtimOn="0"/>
<preconditions>
<PreCon>
<conditions id="CONDITIONS"/>
</PreCon>
</preconditions>
<predecessors>
<pre BranchType="0" Lnr="1" PreLnr="2" When="ANY_OK" type="container"/>
</predecessors>
<runtime MrtCancel="0" MrtDays="0" MrtErt="0" MrtExecute="0" MrtExecuteObj="" MrtFix="0" MrtMethodDate="0" MrtMethodErt="0" MrtMethodFix="0" MrtMethodNone="1" MrtOn="1" MrtTZ="" MrtTime="00:00" SrtErt="0" SrtFix="0" SrtMethodErt="0" SrtMethodFix="0" SrtMethodNone="1"/>
<result ChkRExec="0" RElseHalt="0" RElseIgn="0" RElseJPAbend="0" RExecFlag="0" RExecute="" RRepMTimes="0" RRepOn="0" RRepWait="0" RWhen=""/>
<dynvalues>
<dyntree>
<node content="1" id="PCK.AUTOMIC_ECLIPSE_HUDSON.PRV.PROMPTSET.CONNECTION_DETAILS" name="PCK.AUTOMIC_ECLIPSE_HUDSON.PRV.PROMPTSET.CONNECTION_DETAILS" parent="PPRPTS" type="PPROMPTSET">
<PROMPTSET name="PCK.AUTOMIC_ECLIPSE_HUDSON.PRV.PROMPTSET.CONNECTION_DETAILS">
<PRPTBOX promptset="PCK.AUTOMIC_ECLIPSE_HUDSON.PRV.PROMPTSET.CONNECTION_DETAILS">
<UC4RB_EHUD_PASSWORDs.00 ReadFromTable="OPUD" altview="1" haslist="0" msginsert="" msgnr="" promptname="UC4RB_EHUD_PASSWORD#" promptsetname="PCK.AUTOMIC_ECLIPSE_HUDSON.PRV.PROMPTSET.CONNECTION_DETAILS"/>
<UC4RB_EHUD_URLs.00 ReadFromTable="OPUD" altview="1" haslist="0" msginsert="" msgnr="" promptname="UC4RB_EHUD_URL#" promptsetname="PCK.AUTOMIC_ECLIPSE_HUDSON.PRV.PROMPTSET.CONNECTION_DETAILS"/>
<UC4RB_EHUD_USERNAMEs.00 ReadFromTable="OPUD" altview="1" haslist="0" msginsert="" msgnr="" promptname="UC4RB_EHUD_USERNAME#" promptsetname="PCK.AUTOMIC_ECLIPSE_HUDSON.PRV.PROMPTSET.CONNECTION_DETAILS"/>
</PRPTBOX>
</PROMPTSET>
</node>
<node content="1" id="PCK.AUTOMIC_ECLIPSE_HUDSON.PRV.PROMPTSET.TRIGGER_BUILD" name="PCK.AUTOMIC_ECLIPSE_HUDSON.PRV.PROMPTSET.TRIGGER_BUILD" parent="PPRPTS" type="PPROMPTSET">
<PROMPTSET name="PCK.AUTOMIC_ECLIPSE_HUDSON.PRV.PROMPTSET.TRIGGER_BUILD">
<PRPTBOX promptset="PCK.AUTOMIC_ECLIPSE_HUDSON.PRV.PROMPTSET.TRIGGER_BUILD">
<UC4RB_EHUD_BUILD_PARAMs.00 ReadFromTable="OPSE" altview="0" haslist="0" msginsert="" msgnr="" promptname="UC4RB_EHUD_BUILD_PARAM#" promptsetname="PCK.AUTOMIC_ECLIPSE_HUDSON.PRV.PROMPTSET.TRIGGER_BUILD"/>
<UC4RB_EHUD_JOBs.00 ReadFromTable="OPSE" altview="0" haslist="0" msginsert="" msgnr="" promptname="UC4RB_EHUD_JOB#" promptsetname="PCK.AUTOMIC_ECLIPSE_HUDSON.PRV.PROMPTSET.TRIGGER_BUILD"/>
<UC4RB_EHUD_SYNCs.00 ReadFromTable="OPSE" altview="0" haslist="0" msginsert="" msgnr="" promptname="UC4RB_EHUD_SYNC#" promptsetname="PCK.AUTOMIC_ECLIPSE_HUDSON.PRV.PROMPTSET.TRIGGER_BUILD">NO</UC4RB_EHUD_SYNCs.00>
</PRPTBOX>
</PROMPTSET>
</node>
<node content="1" id="PCK.ITPA_SHARED.PRV.PROMPTSET.OVERWRITE_AGENT" name="PCK.ITPA_SHARED.PRV.PROMPTSET.OVERWRITE_AGENT" parent="PPRPTS" type="PPROMPTSET">
<PROMPTSET name="PCK.ITPA_SHARED.PRV.PROMPTSET.OVERWRITE_AGENT">
<PRPTBOX promptset="PCK.ITPA_SHARED.PRV.PROMPTSET.OVERWRITE_AGENT">
<AGENTs.00 ReadFromTable="OPUD" altview="1" haslist="0" msginsert="" msgnr="" promptname="AGENT#" promptsetname="PCK.ITPA_SHARED.PRV.PROMPTSET.OVERWRITE_AGENT">&amp;AGENT#</AGENTs.00>
<LOGINs.00 ReadFromTable="OPUD" altview="1" haslist="0" msginsert="" msgnr="" promptname="LOGIN#" promptsetname="PCK.ITPA_SHARED.PRV.PROMPTSET.OVERWRITE_AGENT">&amp;LOGIN#</LOGINs.00>
</PRPTBOX>
</PROMPTSET>
</node>
</dyntree>
</dynvalues>
<CIT/>
<calendars CCTypeAll="0" CCTypeExt="0" CCTypeNone="0" CCTypeOne="1" CaleOn="0"/>
<postconditions>
<PostCon>
<conditions id="CONDITIONS"/>
</PostCon>
</postconditions>
</task>
<OPTIONS/>
</JobpStruct>
</JOBP>
<RUNTIME state="1">
<MaxRetCode>0</MaxRetCode>
<MrcExecute/>
<MrcElseE>0</MrcElseE>
<FcstStatus>0| |</FcstStatus>
<Ert>0</Ert>
<ErtMethodDef>1</ErtMethodDef>
<ErtMethodFix>0</ErtMethodFix>
<ErtFix>0</ErtFix>
<ErtDynMethod>2|Average</ErtDynMethod>
<ErtMethodDyn>0</ErtMethodDyn>
<ErtCnt>0</ErtCnt>
<ErtCorr>0</ErtCorr>
<ErtIgn>0</ErtIgn>
<ErtIgnFlg>0</ErtIgnFlg>
<ErtMinCnt>0</ErtMinCnt>
<MrtMethodNone>1</MrtMethodNone>
<MrtMethodFix>0</MrtMethodFix>
<MrtFix>0</MrtFix>
<MrtMethodErt>0</MrtMethodErt>
<MrtErt>0</MrtErt>
<MrtMethodDate>0</MrtMethodDate>
<MrtDays>0</MrtDays>
<MrtTime>00:00</MrtTime>
<MrtTZ/>
<SrtMethodNone>1</SrtMethodNone>
<SrtMethodFix>0</SrtMethodFix>
<SrtFix>0</SrtFix>
<SrtMethodErt>0</SrtMethodErt>
<SrtErt>0</SrtErt>
<MrtCancel>0</MrtCancel>
<MrtExecute>0</MrtExecute>
<MrtExecuteObj/>
</RUNTIME>
<DYNVALUES state="1">
<dyntree>
<node content="1" id="VALUE" name="Variables" parent="" type="VALUE">
<VALUE state="1">
<Values/>
<Mode>0</Mode>
</VALUE>
</node>
<node content="1" id="PCK.AUTOMIC_ECLIPSE_HUDSON.PRV.PROMPTSET.CONNECTION_DETAILS" name="PCK.AUTOMIC_ECLIPSE_HUDSON.PRV.PROMPTSET.CONNECTION_DETAILS" parent="PRPTS" type="PROMPTSET">
<PROMPTSET name="PCK.AUTOMIC_ECLIPSE_HUDSON.PRV.PROMPTSET.CONNECTION_DETAILS" ontop="1">
<PRPTBOX promptset="PCK.AUTOMIC_ECLIPSE_HUDSON.PRV.PROMPTSET.CONNECTION_DETAILS" prptmode="1">
<UC4RB_EHUD_URLs.00 altview="1" haslist="0"/>
<UC4RB_EHUD_USERNAMEs.00 altview="1" haslist="0"/>
<UC4RB_EHUD_PASSWORDs.00 altview="1" haslist="0"/>
</PRPTBOX>
</PROMPTSET>
</node>
<node content="1" id="PCK.AUTOMIC_ECLIPSE_HUDSON.PRV.PROMPTSET.TRIGGER_BUILD" name="PCK.AUTOMIC_ECLIPSE_HUDSON.PRV.PROMPTSET.TRIGGER_BUILD" parent="PRPTS" type="PROMPTSET">
<PROMPTSET name="PCK.AUTOMIC_ECLIPSE_HUDSON.PRV.PROMPTSET.TRIGGER_BUILD" ontop="1">
<PRPTBOX promptset="PCK.AUTOMIC_ECLIPSE_HUDSON.PRV.PROMPTSET.TRIGGER_BUILD" prptmode="1"/>
</PROMPTSET>
</node>
<node content="1" id="PCK.ITPA_SHARED.PRV.PROMPTSET.OVERWRITE_AGENT" name="PCK.ITPA_SHARED.PRV.PROMPTSET.OVERWRITE_AGENT" parent="PRPTS" type="PROMPTSET">
<PROMPTSET name="PCK.ITPA_SHARED.PRV.PROMPTSET.OVERWRITE_AGENT" ontop="1">
<PRPTBOX promptset="PCK.ITPA_SHARED.PRV.PROMPTSET.OVERWRITE_AGENT" prptmode="1">
<AGENTs.00 altview="1" haslist="0">&amp;AGENT#</AGENTs.00>
<LOGINs.00 altview="1" haslist="0">&amp;LOGIN#</LOGINs.00>
</PRPTBOX>
</PROMPTSET>
</node>
</dyntree>
</DYNVALUES>
<DEPLOYMENT state="1">
<DeploymentFlag>0</DeploymentFlag>
<WFTypeA>1</WFTypeA>
<WFTypeC>0</WFTypeC>
<AppName/>
<WFName/>
<ComponentName/>
</DEPLOYMENT>
<ROLLBACK state="1">
<RollbackFlag>0</RollbackFlag>
<CBackupObj/>
<CRollbackObj/>
<FBackupPath/>
<FDeleteBefore>0</FDeleteBefore>
<FInclSubDirs>0</FInclSubDirs>
</ROLLBACK>
<SCRIPT mode="1" state="1">
<MSCRI/>
</SCRIPT>
<DOCU_Docu state="1" type="text">
<DOC><![CDATA[= Action name =
PCK.AUTOMIC_ECLIPSE_HUDSON.PUB.ACTION.TRIGGER_BUILD

= General description =
 This action is used to trigger the build on hudson. The user provides the job name whose build needs to trigger .It runs in both sync and async mode.
 In sync mode it will wait till the triggered build is completed.
Note :  To run this action without username and password disable security in hudson.

= Inputs =
* Hudson URL			:Specify URL to the Hudson CI server.Eg.http://127.0.0.1:8080/hudson
* Username 		        :Username which will be used for this connection. Provide team qualified name if Team Management is enabled. Eg.hudson
* Password				:Password to your username.
* Job to build			:Specify name of the job to build on Hudson.Eg. myJob
* Build parameters		: Specify the build parameters in the key=value format.More than one key-value pair can be provided using comma(',') as separator .Eg key1=abc,key2=pqr 
* Synchronous execution	: Yes| Wait until the completion/abortion of the command. No| action does not wait for build to be completed.
* Overwrite Agent		: Overwrites the default agent
* Overwrite Login		: Overwrites the default login

= Note =


= Behavior =
(see general description)

= Outputs =
If synchronous execution mode is selected then action will print the status (SUCCESS or FAILURE) in the report along with the build number.
* Return code is 0 in case of success
* Return code greater than 0 in case of failure.


= Rollback =
(none)

= Logging =
AE logs will be displayed in the AE report.

= Example =
(none)
]]></DOC>
</DOCU_Docu>
</JOBP>
<JOBS_GENERIC AttrType="GENERIC" name="PCK.AUTOMIC_ECLIPSE_HUDSON.PRV.JOB.TRIGGER_BUILD@GENERIC">
<XHEADER state="1">
<Title>Trigger build</Title>
<ArchiveKey1/>
<ArchiveKey2/>
<Active>1</Active>
<OH_SubType/>
<CustomAttributes KeyListID="0" dataRequestID="0"/>
</XHEADER>
<OUTPUTREG state="1">
<FileReg/>
</OUTPUTREG>
<SYNCREF state="1">
<Syncs/>
</SYNCREF>
<ATTR_JOBS state="1">
<Queue>CLIENT_QUEUE</Queue>
<StartType/>
<HostDst>|&lt;GENERIC&gt;|HOST</HostDst>
<HostATTR_Type>GENERIC</HostATTR_Type>
<CodeName/>
<Login/>
<IntAccount/>
<ExtRepDef>1</ExtRepDef>
<ExtRepAll>0</ExtRepAll>
<ExtRepNone>0</ExtRepNone>
<AutoDeactNo>0</AutoDeactNo>
<AutoDeact1ErrorFree>0</AutoDeact1ErrorFree>
<AutoDeactErrorFree>0</AutoDeactErrorFree>
<DeactWhen/>
<DeactDelay>0</DeactDelay>
<AutoDeactAlways>1</AutoDeactAlways>
<AttDialog>0</AttDialog>
<ActAtRun>0</ActAtRun>
<Consumption>0</Consumption>
<UC4Priority>0</UC4Priority>
<MaxParallel2>0</MaxParallel2>
<MpElse1>1</MpElse1>
<MpElse2>0</MpElse2>
<TZ/>
</ATTR_JOBS>
<RUNTIME state="1">
<MaxRetCode>0</MaxRetCode>
<MrcExecute/>
<MrcElseE>0</MrcElseE>
<FcstStatus>0| |</FcstStatus>
<Ert>0</Ert>
<ErtMethodDef>1</ErtMethodDef>
<ErtMethodFix>0</ErtMethodFix>
<ErtFix>0</ErtFix>
<ErtDynMethod>2|Average</ErtDynMethod>
<ErtMethodDyn>0</ErtMethodDyn>
<ErtCnt>0</ErtCnt>
<ErtCorr>0</ErtCorr>
<ErtIgn>0</ErtIgn>
<ErtIgnFlg>0</ErtIgnFlg>
<ErtMinCnt>0</ErtMinCnt>
<MrtMethodNone>1</MrtMethodNone>
<MrtMethodFix>0</MrtMethodFix>
<MrtFix>0</MrtFix>
<MrtMethodErt>0</MrtMethodErt>
<MrtErt>0</MrtErt>
<MrtMethodDate>0</MrtMethodDate>
<MrtDays>0</MrtDays>
<MrtTime>00:00</MrtTime>
<MrtTZ/>
<SrtMethodNone>1</SrtMethodNone>
<SrtMethodFix>0</SrtMethodFix>
<SrtFix>0</SrtFix>
<SrtMethodErt>0</SrtMethodErt>
<SrtErt>0</SrtErt>
<MrtCancel>0</MrtCancel>
<MrtExecute>0</MrtExecute>
<MrtExecuteObj/>
</RUNTIME>
<DYNVALUES state="1">
<dyntree>
<node content="1" id="VALUE" name="Variables" parent="" type="VALUE">
<VALUE state="1">
<Values/>
<Mode>0</Mode>
</VALUE>
</node>
</dyntree>
</DYNVALUES>
<ROLLBACK state="1">
<RollbackFlag>0</RollbackFlag>
<CBackupObj/>
<CRollbackObj/>
<FBackupPath/>
<FDeleteBefore>0</FDeleteBefore>
<FInclSubDirs>0</FInclSubDirs>
</ROLLBACK>
<PRE_SCRIPT mode="1" replacementmode="1" state="1">
<PSCRI><![CDATA[:INC PCK.ITPA_SHARED.PUB.INCLUDE.START_STOP_JOB_ACCORDING_TO_AGENT_OS
:INC PCK.AUTOMIC_ECLIPSE_HUDSON.INCLUDE.SET_HOME_ENVIRONMENT]]></PSCRI>
</PRE_SCRIPT>
<SCRIPT mode="1" state="1">
<MSCRI><![CDATA[:INC PCK.AUTOMIC_ECLIPSE_HUDSON.PUB.INCLUDE.ECHO_ON_OFF
:INC PCK.ITPA_SHARED.PUB.INCLUDE.ATTACH

!-------------------------------------Logging input parameters-------------------------------------------------------------------------------------------------
:INC PCK.ITPA_SHARED.PRV.INCLUDE.LOGGING.HEADER.PARAM_VALIDATION
!Logging input parameters
:SET &UC4RB_LOGGING_PARAMETER# = "Hudson URL"
:SET &UC4RB_LOGGING_PARAMETER_VAL# = "&UC4RB_EHUD_URL#"
: INC PCK.ITPA_SHARED.PRV.INCLUDE.LOGGING.PARAM
:SET &UC4RB_LOGGING_PARAMETER# = "User Name"
:SET &UC4RB_LOGGING_PARAMETER_VAL# = "&UC4RB_EHUD_USERNAME#"
:INC PCK.ITPA_SHARED.PRV.INCLUDE.LOGGING.PARAM
:SET &UC4RB_LOGGING_PARAMETER# = "Job to build"
:SET &UC4RB_LOGGING_PARAMETER_VAL# = "&UC4RB_EHUD_JOB#"
:INC PCK.ITPA_SHARED.PRV.INCLUDE.LOGGING.PARAM
:SET &UC4RB_LOGGING_PARAMETER# = "Build parameters"
:SET &UC4RB_LOGGING_PARAMETER_VAL# = "&UC4RB_EHUD_BUILD_PARAM#"
:INC PCK.ITPA_SHARED.PRV.INCLUDE.LOGGING.PARAM
:SET &UC4RB_LOGGING_PARAMETER# = "Synchronous execution"
:SET &UC4RB_LOGGING_PARAMETER_VAL# = "&UC4RB_EHUD_SYNC#"
:INC PCK.ITPA_SHARED.PRV.INCLUDE.LOGGING.PARAM
:INC PCK.ITPA_SHARED.PRV.INCLUDE.LOGGING.HEADER.EXECUTION

:INC PCK.AUTOMIC_ECLIPSE_HUDSON.PUB.INCLUDE.SET_EXEC_ENVIRONMENT

!------------------------------------------ Buidling java arguments --------------------------------------------------------------------------------------------
! Validating input fields username/password
:    SET &FLAG# = 0

:    IF &UC4RB_EHUD_USERNAME# NE ""
:       SET &FLAG# = &FLAG# + 1
:    ENDIF

:    IF &UC4RB_EHUD_PASSWORD# NE ""
:       SET &FLAG# = &FLAG# + 1
:    ENDIF

:    IF &FLAG# EQ 1
:       SET &UC4RB_LOGGING_ERROR# = "Username or Password missing"
:       INC PCK.ITPA_SHARED.PRV.INCLUDE.LOGGING.ERROR
:       IF &UC4RB_AGENT_OS# = "WINDOWS"
           set ERROR=1
:       ELSE
           error=1
:       ENDIF
:     ELSE
!      URL
:      INC PCK.AUTOMIC_ECLIPSE_HUDSON.PUB.INCLUDE.ESCAPE_ARG_VALUE &TEMP_OPTION_VALUE# = &UC4RB_EHUD_URL#
:      SET &UC4RB_EHUD_URL_CMD# = " -s &UC4RB_EHUD_ESC_VALUE# "

!      Build Login Command
:      SET &UC4RB_EHUD_LOGIN_CMD# = ""
:      IF &FLAG# EQ 2
:        INC PCK.AUTOMIC_ECLIPSE_HUDSON.PUB.INCLUDE.ESCAPE_ARG_VALUE &TEMP_OPTION_VALUE# = &UC4RB_EHUD_USERNAME#
:        SET &UC4RB_EHUD_LOGIN_CMD# = " login --username &UC4RB_EHUD_ESC_VALUE# --password"
:        SET &UC4RB_ENCRYPTED_PASSWORD_TMP# = "&UC4RB_EHUD_PASSWORD#"
:        INC PCK.ITPA_SHARED.PRV.INCLUDE.DECRYPT_PASSWORD
:        SET &UC4RB_EHUD_LOGIN_CMD# = STR_CAT("java  -Duser.home=&UC4RB_EHUD_HOMEDIR# -jar &UC4RB_EHUD_PATH_JAR# &UC4RB_EHUD_URL_CMD# ", &UC4RB_EHUD_LOGIN_CMD#)
:        PRINT "LOGIN COMMAND &UC4RB_EHUD_LOGIN_CMD#"
:      ENDIF

!      PREPARING BUILD COMMAND
:      INC PCK.AUTOMIC_ECLIPSE_HUDSON.PUB.INCLUDE.ESCAPE_ARG_VALUE &TEMP_OPTION_VALUE# = &UC4RB_EHUD_JOB#
:      SET &UC4RB_EHUD_BUILD_CMD# = " build &UC4RB_EHUD_ESC_VALUE# "
!      IF BUILD PARAMETERS PROVIDED
:      IF &UC4RB_EHUD_BUILD_PARAM# NE ""
:        INC PCK.AUTOMIC_ECLIPSE_HUDSON.PUB.INCLUDE.ESCAPE_ARG_VALUE &TEMP_OPTION_VALUE# = &UC4RB_EHUD_BUILD_PARAM#
:        SET &PARAMETERS# = STR_SUBSTITUTE (&UC4RB_EHUD_ESC_VALUE#, ",", " -p ")
:        SET &UC4RB_EHUD_BUILD_CMD# = STR_CAT(&UC4RB_EHUD_BUILD_CMD#, " -p &PARAMETERS# ")
:      ENDIF
!      CHECK FOR SYNCHRONEOUS EXECUTION
:      IF &UC4RB_EHUD_SYNC# EQ "YES"
:         SET &UC4RB_EHUD_BUILD_CMD# = STR_CAT(&UC4RB_EHUD_BUILD_CMD#, " -s ")
:      ENDIF

:      SET &EXEC_CMD# = STR_CAT("java -Duser.home=&UC4RB_EHUD_HOMEDIR# -jar &UC4RB_EHUD_PATH_JAR# ", "&UC4RB_EHUD_URL_CMD# &UC4RB_EHUD_BUILD_CMD#")
:      PRINT "TRIGGER COMMAND &EXEC_CMD#"

:      SET &LOGOUT_CMD#="java -Duser.home=&UC4RB_EHUD_HOMEDIR# -jar &UC4RB_EHUD_PATH_JAR# &UC4RB_EHUD_URL_CMD# logout"
:      PRINT "LOGOUT COMMAND &LOGOUT_CMD#"
!      Invoking java binary
:      SWITCH &$PLATFORM#
:              CASE "WINDOWS"
                   SET LOGINERROR=0
:                  IF &FLAG# EQ 2
                     &UC4RB_EHUD_LOGIN_CMD# "%UC4_DECRYPTED_PWD%"
                     SET LOGINERROR=%ERRORLEVEL%
                     SET ERROR=%LOGINERROR%
                     echo "Login with status code :%ERRORLEVEL% ,expected [0]"
:                  ENDIF
                   IF %LOGINERROR% EQU 0 (
                      &EXEC_CMD#
                   )
                   SET ERROR=%ERRORLEVEL%
                   IF %LOGINERROR% EQU 0 (
                      echo "Build has been triggered with status code :%ERROR% ,expected [0]"
                   )
                   &LOGOUT_CMD#
                   cd
:              CASE "UNIX"
                 LOGINERROR=0
:                IF &FLAG# EQ 2
                    &UC4RB_EHUD_LOGIN_CMD# "$UC4_DECRYPTED_PWD"
                    LOGINERROR=$?
                    echo Login with status code :$LOGINERROR ,expected [0]
                    error=$LOGINERROR
:                ENDIF
                 if [ $LOGINERROR -eq 0 ]
                    then
                        &EXEC_CMD#
                        error=$?
                        echo Trigger build with status code :$error ,expected [0]
                        &LOGOUT_CMD#
                  fi
:              OTHER
:          ENDSWITCH
:    ENDIF

! Status messages
:SET &UC4RB_LOGGING_INFO# = "******** TRIGGER BUILD ACTION EXECUTED SUCCESSFULLY ********"
:SET &UC4RB_LOGGING_ERROR# = "******** TRIGGER BUILD ACTION FAILED ********"


!------------------------------------------ Error Handling -----------------------------------------------------------------------------------------------------
! Printing messages as per Error code and exit accordingly.
: INC PCK.AUTOMIC_ECLIPSE_HUDSON.PRV.INCLUDE.CHECK_JOBSTATUS]]></MSCRI>
</SCRIPT>
<OUTPUTSCAN state="1">
<Inherit>N</Inherit>
<filterobjects/>
<HostFsc/>
<LoginFsc/>
</OUTPUTSCAN>
<POST_SCRIPT mode="1" replacementmode="1" state="1">
<OSCRI/>
</POST_SCRIPT>
<DOCU_Docu state="1" type="text">
<DOC/>
</DOCU_Docu>
</JOBS_GENERIC>
<PRPT name="PCK.AUTOMIC_ECLIPSE_HUDSON.PRV.PROMPTSET.TRIGGER_BUILD">
<HEADER state="1">
<Title>Trigger build</Title>
<ArchiveKey1/>
<ArchiveKey2/>
<OH_SubType/>
</HEADER>
<PROMPTDESIGNER state="1">
<DESIGNER/>
</PROMPTDESIGNER>
<PROMPTSETXUI state="1">
<XUIEDITOR><![CDATA[<dialog height="424" icon="PRPT" id="PRPTS" left="0" top="0" width="441"><readpanel fill="b" id="PRPTBOX" nl="1" scroll="v" text="Trigger build"><properties><entry name="text">Trigger build</entry><entry name="modifiable">0</entry></properties><text alt="1" enabled="1" fill="b" focus="0" id="UC4RB_EHUD_JOBs.00" inputassistance="0" len="" multiline="0" multilineIcon="0" nl="1" regex="" required="0" separator=";" showaspassword="0" text="Job to build" tooltip="Specify name of the job to build on Hudson." upper="0"><oninputassistant><command request="_internal" target="_view" targetaction="setAttribute" targetparam="promptname|@id"/><command request="_internal" target="_view" targetaction="setAttribute" targetparam="promptvalue|@value"/><command owner="_promptsetcontainer" owneraction="getData" request="getpromptinputassistance" target="_chainwindow"/></oninputassistant>
         
      <properties>
        <entry listparam="C,N" name="reference" reftype="STATIC">UC_DATATYPE_STRING</entry>
        <entry name="xmlkey"/>
        <entry name="xmlpath"/>
        <entry name="text">Job to build</entry>
        <entry name="multiline">0</entry>
        <entry name="multilineIcon">0</entry>
        <entry name="multiselect">0</entry>
        <entry name="separator">;</entry>
        <entry name="len"/>
        <entry name="quotes"/>
        <entry name="id">UC4RB_EHUD_JOBs.00</entry>
        <entry name="regex"/>
        <entry name="inputassistance">0</entry>
        <entry name="enabled">0</entry>
        <entry name="required">1</entry>
        <entry name="upper">0</entry>
        <entry name="focus">0</entry>
        <entry name="showaspassword">0</entry>
        <entry name="tooltip">Specify name of the job to build on Hudson.</entry>
        <entry name="modifiable">1</entry>
        <entry name="customfield"/>
        <entry name="onchangereset"/>
        <entry name="resetable">1</entry>
      <entry name="initvalue"/>
         </properties>
    </text><text alt="1" enabled="1" fill="b" focus="0" id="UC4RB_EHUD_BUILD_PARAMs.00" inputassistance="0" len="" multiline="0" multilineIcon="0" nl="1" regex="" required="0" separator=";" showaspassword="0" text="Build parameters" tooltip="Specify the build parameters in the key=value format.More than one key-value pair can be provided using comma(&apos;,&apos;) as separator" upper="0"><oninputassistant><command request="_internal" target="_view" targetaction="setAttribute" targetparam="promptname|@id"/><command request="_internal" target="_view" targetaction="setAttribute" targetparam="promptvalue|@value"/><command owner="_promptsetcontainer" owneraction="getData" request="getpromptinputassistance" target="_chainwindow"/></oninputassistant>
         
      <properties>
        <entry listparam="C,N" name="reference" reftype="STATIC">UC_DATATYPE_STRING</entry>
        <entry name="xmlkey"/>
        <entry name="xmlpath"/>
        <entry name="text">Build parameters</entry>
        <entry name="multiline">0</entry>
        <entry name="multilineIcon">0</entry>
        <entry name="multiselect">0</entry>
        <entry name="separator">;</entry>
        <entry name="len"/>
        <entry name="quotes"/>
        <entry name="id">UC4RB_EHUD_BUILD_PARAMs.00</entry>
        <entry name="regex"/>
        <entry name="inputassistance">0</entry>
        <entry name="enabled">0</entry>
        <entry name="required">0</entry>
        <entry name="upper">0</entry>
        <entry name="focus">0</entry>
        <entry name="showaspassword">0</entry>
        <entry name="tooltip">Specify the build parameters in the key=value format.More than one key-value pair can be provided using comma(&apos;,&apos;) as separator</entry>
        <entry name="modifiable">1</entry>
        <entry name="customfield"/>
        <entry name="onchangereset"/>
        <entry name="resetable">1</entry>
      <entry name="initvalue"/>
         </properties>
    </text><dynradiogroup alt="1" enabled="1" fill="b" focus="" id="UC4RB_EHUD_SYNCs.00" nl="1" text="Synchronous execution" tooltip="Yes: Wait until the completion/abortion of the command. No: action does not wait for build to be completed." required="0">
      <properties>
        <entry listparam="C,N" name="reference" reftype="STATIC">PCK.ITPA_SHARED.PRV.VARA.YES_NO</entry>
        <entry name="xmlkey"/>
        <entry name="xmlpath"/>
        <entry name="text">Synchronous execution</entry>
        <entry name="quotes"/>
        <entry name="id">UC4RB_EHUD_SYNCs.00</entry>
        <entry name="enabled">0</entry>
        <entry name="focus">0</entry>
        <entry name="tooltip">Yes: Wait until the completion/abortion of the command. No: action does not wait for build to be completed.</entry>
        <entry name="modifiable">1</entry>
        <entry name="customfield"/>
      <entry name="initvalue"/>
         </properties>
    </dynradiogroup></readpanel></dialog>]]></XUIEDITOR>
</PROMPTSETXUI>
<PROMPTSETDATA state="1">
<DATAEDITOR><![CDATA[<PRPTS ontop="1"><PRPTBOX><UC4RB_EHUD_JOBs.00 haslist="0" msgnr="-1" msginsert="" altview="0" promptname="UC4RB_EHUD_JOB#" ReadFromTable="OPSE"></UC4RB_EHUD_JOBs.00><UC4RB_EHUD_BUILD_PARAMs.00 haslist="0" msgnr="-1" msginsert="" altview="0" promptname="UC4RB_EHUD_BUILD_PARAM#" ReadFromTable="OPSE"></UC4RB_EHUD_BUILD_PARAMs.00><UC4RB_EHUD_SYNCs.00 haslist="0" msgnr="-1" msginsert="" altview="0" promptname="UC4RB_EHUD_SYNC#" ReadFromTable="OPSE">NO</UC4RB_EHUD_SYNCs.00></PRPTBOX></PRPTS>]]></DATAEDITOR>
</PROMPTSETDATA>
<DOCU_Docu state="1" type="text">
<DOC/>
</DOCU_Docu>
</PRPT>
</uc-export>